d,s,seed,auc,method,attr_auc,prec,queries,sec_per_expl
50,3,0,0.9711666666666667,witness,0.9101654846335698,0.611111111111111,0.0,0.0011173617482806246
50,3,0,0.9711666666666667,gradient,0.9078014184397163,0.6666666666666666,0.0,0.000624944751810593
50,3,0,0.9711666666666667,ecod,0.9657210401891253,0.75,0.0,0.01859333766818357
50,3,0,0.9711666666666667,shap,0.8667257683215132,0.638888888888889,7683.5,0.15929372083337512
50,3,0,0.9711666666666667,lime,0.5520094562647755,0.16666666666666666,500.0,0.014609851078906408
